<?xml version='1.0' encoding='UTF-8'?>
<?artifactRepository version='1.1.0'?>
<repository name='file:/C:/Workspace/aws-cloudwatch-connector/target/update-site/ - artifacts' type='org.eclipse.equinox.p2.artifact.repository.simpleRepository' version='1'>
  <properties size='2'>
    <property name='p2.timestamp' value='1560089894863'/>
    <property name='p2.compressed' value='false'/>
  </properties>
  <mappings size='3'>
    <rule filter='(&amp; (classifier=osgi.bundle))' output='${repoUrl}/plugins/${id}_${version}.jar'/>
    <rule filter='(&amp; (classifier=binary))' output='${repoUrl}/binary/${id}_${version}'/>
    <rule filter='(&amp; (classifier=org.eclipse.update.feature))' output='${repoUrl}/features/${id}_${version}.jar'/>
  </mappings>
  <artifacts size='2'>
    <artifact classifier='org.eclipse.update.feature' id='org.mule.tooling.ui.extension.aws-cloudwatch-connector.3.5.0' version='1.0.0.201906092218'>
      <properties size='4'>
        <property name='artifact.size' value='991'/>
        <property name='download.size' value='991'/>
        <property name='download.md5' value='9c4a9fb4e08a433df285a46c558b713f'/>
        <property name='download.contentType' value='application/zip'/>
      </properties>
    </artifact>
    <artifact classifier='osgi.bundle' id='org.mule.tooling.ui.contribution.aws-cloudwatch.3.5.0' version='1.0.0.201906092218'>
      <properties size='3'>
        <property name='artifact.size' value='5377066'/>
        <property name='download.size' value='5377066'/>
        <property name='download.md5' value='3e842a23517a21035e1c503f87ec915f'/>
      </properties>
    </artifact>
  </artifacts>
</repository>
