<?xml version='1.0' encoding='UTF-8'?>
<?metadataRepository version='1.1.0'?>
<repository name='file:/C:/Workspace/aws-cloudwatch-connector/target/update-site/ - metadata' type='org.eclipse.equinox.internal.p2.metadata.repository.LocalMetadataRepository' version='1.0.0'>
  <properties size='2'>
    <property name='p2.timestamp' value='1560089896962'/>
    <property name='p2.compressed' value='false'/>
  </properties>
  <units size='4'>
    <unit id='org.mule.tooling.ui.extension.aws-cloudwatch-connector.3.5.0.feature.group' version='1.0.0.201906092218' singleton='false'>
      <update id='org.mule.tooling.ui.extension.aws-cloudwatch-connector.3.5.0.feature.group' range='[0.0.0,1.0.0.201906092218)' severity='0'/>
      <properties size='3'>
        <property name='org.eclipse.equinox.p2.name' value='AWS Cloudwatch Connector (Mule 3.5.0+)'/>
        <property name='org.eclipse.equinox.p2.provider' value='Mulesoft, Inc.'/>
        <property name='org.eclipse.equinox.p2.type.group' value='true'/>
      </properties>
      <provides size='1'>
        <provided namespace='org.eclipse.equinox.p2.iu' name='org.mule.tooling.ui.extension.aws-cloudwatch-connector.3.5.0.feature.group' version='1.0.0.201906092218'/>
      </provides>
      <requires size='2'>
        <required namespace='org.eclipse.equinox.p2.iu' name='org.mule.tooling.ui.contribution.aws-cloudwatch.3.5.0' range='[1.0.0.201906092218,1.0.0.201906092218]'/>
        <required namespace='org.eclipse.equinox.p2.iu' name='org.mule.tooling.ui.extension.aws-cloudwatch-connector.3.5.0.feature.jar' range='[1.0.0.201906092218,1.0.0.201906092218]'>
          <filter>
            (org.eclipse.update.install.features=true)
          </filter>
        </required>
      </requires>
      <touchpoint id='null' version='0.0.0'/>
      <licenses size='1'>
        <license>
          Copyright 2019 INSEAD&#xD;&#xA;&#xD;&#xA;Licensed under the Apache License, Version 2.0 (the &quot;License&quot;);&#xD;&#xA;you may not use this file except in compliance with the License.&#xD;&#xA;You may obtain a copy of the License at&#xD;&#xA;&#xD;&#xA;    http://www.apache.org/licenses/LICENSE-2.0&#xD;&#xA;&#xD;&#xA;Unless required by applicable law or agreed to in writing, software&#xD;&#xA;distributed under the License is distributed on an &quot;AS IS&quot; BASIS,&#xD;&#xA;WITHOUT WARRANTIES OR CONDITIONS OF ANY KIND, either express or implied.&#xD;&#xA;See the License for the specific language governing permissions and&#xD;&#xA;limitations under the License.
        </license>
      </licenses>
    </unit>
    <unit id='file:/C:/Workspace/aws-cloudwatch-connector/target/classes/category.xml.org.mule.modules' version='1.0.0.2--cKMyk47735K3E3K775I'>
      <properties size='2'>
        <property name='org.eclipse.equinox.p2.name' value='Community'/>
        <property name='org.eclipse.equinox.p2.type.category' value='true'/>
      </properties>
      <provides size='1'>
        <provided namespace='org.eclipse.equinox.p2.iu' name='file:/C:/Workspace/aws-cloudwatch-connector/target/classes/category.xml.org.mule.modules' version='1.0.0.2--cKMyk47735K3E3K775I'/>
      </provides>
      <requires size='1'>
        <required namespace='org.eclipse.equinox.p2.iu' name='org.mule.tooling.ui.extension.aws-cloudwatch-connector.3.5.0.feature.group' range='[1.0.0.201906092218,1.0.0.201906092218]'/>
      </requires>
      <touchpoint id='null' version='0.0.0'/>
    </unit>
    <unit id='org.mule.tooling.ui.extension.aws-cloudwatch-connector.3.5.0.feature.jar' version='1.0.0.201906092218'>
      <properties size='2'>
        <property name='org.eclipse.equinox.p2.name' value='AWS Cloudwatch Connector (Mule 3.5.0+)'/>
        <property name='org.eclipse.equinox.p2.provider' value='Mulesoft, Inc.'/>
      </properties>
      <provides size='3'>
        <provided namespace='org.eclipse.equinox.p2.iu' name='org.mule.tooling.ui.extension.aws-cloudwatch-connector.3.5.0.feature.jar' version='1.0.0.201906092218'/>
        <provided namespace='org.eclipse.equinox.p2.eclipse.type' name='feature' version='1.0.0'/>
        <provided namespace='org.eclipse.update.feature' name='org.mule.tooling.ui.extension.aws-cloudwatch-connector.3.5.0' version='1.0.0.201906092218'/>
      </provides>
      <filter>
        (org.eclipse.update.install.features=true)
      </filter>
      <artifacts size='1'>
        <artifact classifier='org.eclipse.update.feature' id='org.mule.tooling.ui.extension.aws-cloudwatch-connector.3.5.0' version='1.0.0.201906092218'/>
      </artifacts>
      <touchpoint id='org.eclipse.equinox.p2.osgi' version='1.0.0'/>
      <touchpointData size='1'>
        <instructions size='1'>
          <instruction key='zipped'>
            true
          </instruction>
        </instructions>
      </touchpointData>
      <licenses size='1'>
        <license>
          Copyright 2019 INSEAD&#xD;&#xA;&#xD;&#xA;Licensed under the Apache License, Version 2.0 (the &quot;License&quot;);&#xD;&#xA;you may not use this file except in compliance with the License.&#xD;&#xA;You may obtain a copy of the License at&#xD;&#xA;&#xD;&#xA;    http://www.apache.org/licenses/LICENSE-2.0&#xD;&#xA;&#xD;&#xA;Unless required by applicable law or agreed to in writing, software&#xD;&#xA;distributed under the License is distributed on an &quot;AS IS&quot; BASIS,&#xD;&#xA;WITHOUT WARRANTIES OR CONDITIONS OF ANY KIND, either express or implied.&#xD;&#xA;See the License for the specific language governing permissions and&#xD;&#xA;limitations under the License.
        </license>
      </licenses>
    </unit>
    <unit id='org.mule.tooling.ui.contribution.aws-cloudwatch.3.5.0' version='1.0.0.201906092218'>
      <update id='org.mule.tooling.ui.contribution.aws-cloudwatch.3.5.0' range='[0.0.0,1.0.0.201906092218)' severity='0'/>
      <properties size='2'>
        <property name='org.eclipse.equinox.p2.name' value='AWS Cloudwatch'/>
        <property name='org.eclipse.equinox.p2.provider' value='Manoj LASANTHA'/>
      </properties>
      <provides size='3'>
        <provided namespace='org.eclipse.equinox.p2.iu' name='org.mule.tooling.ui.contribution.aws-cloudwatch.3.5.0' version='1.0.0.201906092218'/>
        <provided namespace='osgi.bundle' name='org.mule.tooling.ui.contribution.aws-cloudwatch.3.5.0' version='1.0.0.201906092218'/>
        <provided namespace='org.eclipse.equinox.p2.eclipse.type' name='bundle' version='1.0.0'/>
      </provides>
      <requires size='3'>
        <required namespace='osgi.bundle' name='org.eclipse.ui' range='0.0.0'/>
        <required namespace='osgi.bundle' name='org.eclipse.core.runtime' range='0.0.0'/>
        <required namespace='osgi.bundle' name='org.mule.tooling.core' range='1.0.0'/>
      </requires>
      <artifacts size='1'>
        <artifact classifier='osgi.bundle' id='org.mule.tooling.ui.contribution.aws-cloudwatch.3.5.0' version='1.0.0.201906092218'/>
      </artifacts>
      <touchpoint id='org.eclipse.equinox.p2.osgi' version='1.0.0'/>
      <touchpointData size='1'>
        <instructions size='2'>
          <instruction key='zipped'>
            true
          </instruction>
          <instruction key='manifest'>
            Bundle-SymbolicName: org.mule.tooling.ui.contribution.aws-cloudwatch.3.5.0;singleton:=true&#xA;Bundle-Version: 1.0.0.201906092218
          </instruction>
        </instructions>
      </touchpointData>
    </unit>
  </units>
</repository>
